{
    "head_coord": [
        273.2312316894531,
        436.1639709472656
    ],
    "body_coord": [
        421.006103515625,
        452.5834045410156
    ]
}