{
    "head_coord": [
        651.5039672851562,
        398.4655456542969
    ],
    "body_coord": [
        544.1065063476562,
        491.9369201660156
    ]
}