{
    "head_coord": [
        488.4583740234375,
        339.6881408691406
    ],
    "body_coord": [
        361.41461181640625,
        328.1387023925781
    ]
}