{
    "head_coord": [
        164.3398,
        211.1895
    ],
    "body_coord": [
        172.11444,
        195.64024
    ]
}